ts,pos_x,pos_y,vel_x,vel_y,acc_x,acc_y,theta,mag_vel,K_curve
1461812418.44,0.0,0.0,0.0,0.0,-0.00754513023795,0.00262065042711,0,0.0,0
1461812418.44,-0.00377256511898,0.00131032521355,-0.00739422763319,0.00256823741857,-0.00754474892371,0.00262057558872,0,0.00782754404201,-0.000888106670973
1461812418.46,-0.014939167214,0.00518885042648,-0.0146401970258,0.00508503674714,-0.00754397771035,0.00262038177799,0,0.0154981601383,-0.000403389105261
1461812418.47,-0.033351353095,0.0115840780626,-0.0217404912414,0.00755131015462,-0.00754285537234,0.00262001249157,0,0.023014587645,-0.000157361065967
1461812418.47,-0.0588632720225,0.020445394463,-0.0286976796814,0.00996789619327,-0.00754133976294,0.00261943003812,0,0.0303795288577,-9.71072837611e-06
1461812418.49,-0.0913316215854,0.0317230056754,-0.0355142390555,0.0123355797068,-0.00753950407603,0.00261868639643,0,0.0375955808892,6.58425832008e-05
1461812418.5,-0.130615612679,0.0453679285803,-0.0421926682689,0.0146551807811,-0.00753738596453,0.00261777756281,0,0.0446653733823,0.000120457328755
1461812418.5,-0.17657697393,0.0613319981429,-0.0487354531488,0.0169274991771,-0.00753497529801,0.00261675196574,0,0.0515915169578,0.000143426144762
1461812418.52,-0.229079914728,0.0795678733028,-0.0551450198778,0.01915336612,-0.00753222173571,0.00261556624604,0,0.058376576219,0.000160593300179
1461812418.54,-0.287991045474,0.100029022546,-0.0614236967813,0.0213335537187,-0.00752915139168,0.00261422231848,0,0.0650230039336,0.000175895700039
1461812418.54,-0.353179317951,0.122669687424,-0.0675737912095,0.0234688205164,-0.00752579348939,0.0026127316875,0,0.0715332286064,0.000189356128145
1461812418.55,-0.424516005905,0.147444873784,-0.0735975930049,0.0255599211598,-0.0075221182074,0.00261113998613,0,0.0779096609273,0.000192703291421
1461812418.57,-0.501874658013,0.174310364937,-0.0794973169881,0.027607639923,-0.00751807661739,0.00260944752964,0,0.0841546504385,0.000188385595812
1461812418.57,-0.58513101331,0.203222728625,-0.0852750857333,0.0296127457036,-0.00751383887118,0.00260761929352,0,0.0902704544961,0.000190922374461
1461812418.58,-0.674163018479,0.234139283975,-0.0909331461124,0.0315759576972,-0.00750938791431,0.00260554179466,0,0.0962594315711,0.000208539662632
1461812418.6,-0.768850858549,0.26701801257,-0.0964736833462,0.033497869502,-0.00750467351244,0.00260328368976,0,0.102123840701,0.000227408346229
1461812418.6,-0.869076878651,0.301817523916,-0.101898789721,0.0353791301279,-0.00749963784761,0.002600882684,0,0.107865871319,0.000242119290516
1461812418.62,-0.974725487296,0.338497095386,-0.107210459018,0.0372204125557,-0.00749417729304,0.00259826860026,0,0.113487627668,0.00025642216776
1461812418.63,-1.08568303496,0.377016642242,-0.112410543585,0.0390223075328,-0.00748835650814,0.00259560784959,0,0.118991053421,0.00026072338543
1461812418.63,-1.2018377568,0.4173367537,-0.117500922091,0.0407855570748,-0.0074820519785,0.0025929618942,0,0.124378166726,0.000251670454936
1461812418.65,-1.32307970488,0.459418791722,-0.122483314588,0.0425109485896,-0.00747522984194,0.00259027361836,0,0.129650850759,0.000235764823834
1461812418.66,-1.44930063439,0.503224877121,-0.127359373541,0.0441991977638,-0.00746808674037,0.00258746124146,0,0.134810901309,0.000222852540943
1461812418.66,-1.5803940513,0.548717805505,-0.132130911076,0.0458509258252,-0.0074608313223,0.00258448414287,0,0.139860234022,0.000217772234851
1461812418.68,-1.71625537804,0.595860973402,-0.13679990755,0.0474667017687,-0.00745336523693,0.00258135165369,0,0.14480090636,0.000216725626531
1461812418.7,-1.85678196821,0.644618350997,-0.141368207332,0.0490470923539,-0.00744569554647,0.00257795488672,0,0.149634846585,0.000223511666108
1461812418.7,-2.00187302331,0.694954420794,-0.14583762482,0.0505925462958,-0.00743761574682,0.00257429413661,0,0.154363915971,0.000233530675416
1461812418.71,-2.151429456,0.746834114159,-0.150209735756,0.0521035036238,-0.00742923058427,0.0025705061201,0,0.158989747486,0.000242329307632
1461812418.73,-2.30535380705,0.800222870842,-0.154486187013,0.053580529549,-0.00742049871215,0.00256664169078,0,0.163514082344,0.000247849697401
1461812418.73,-2.46355024342,0.855086721237,-0.158668552011,0.055024227815,-0.00741159539162,0.00256267429573,0,0.167938604984,0.000253670409097
1461812418.74,-2.62592459313,0.9113922862,-0.162758544455,0.0564351640685,-0.00740226820467,0.00255875058133,0,0.172265119907,0.000252288103667
1461812418.76,-2.79238427169,0.969106825559,-0.166757596406,0.0578140363568,-0.00739247008021,0.00255444826098,0,0.176495208884,0.00025734836329
1461812418.76,-2.96283810313,1.02819808605,-0.170667065157,0.0591611149255,-0.0073822227493,0.00254994606975,0,0.180630242895,0.000262784963921
1461812418.78,-3.13719627966,1.08863417401,-0.174488302148,0.0604768397753,-0.00737157233899,0.00254522183546,0,0.18467164302,0.000269604710048
1461812418.79,-3.31537036798,1.1503836247,-0.178222676997,0.0617616203785,-0.00736057466443,0.00254041510228,0,0.188620837523,0.000274402516501
1461812418.79,-3.49727333231,1.21341545263,-0.181871586628,0.0630159947712,-0.00734933410261,0.00253554324478,0,0.192479322577,0.000277986009949
1461812418.81,-3.68281958599,1.27769921902,-0.185436502316,0.0642405072557,-0.00733786543791,0.00253050503494,0,0.196248666655,0.000283160863158
1461812418.83,-3.87192502102,1.3432049788,-0.188918880399,0.0654355920448,-0.00732615712693,0.00252556352226,0,0.199930388079,0.00028339531378
1461812418.83,-4.06450697999,1.4099033526,-0.192320136775,0.0666019324557,-0.00731398368922,0.00252033710188,0,0.203526048495,0.000286321621303
1461812418.84,-4.26048410861,1.47776545361,-0.195641438055,0.0677398241664,-0.00730162240408,0.00251494328786,0,0.207036847113,0.000291115219489
1461812418.86,-4.45977635786,1.54676274942,-0.19888419925,0.0688496721052,-0.00728928613531,0.00250960944161,0,0.21046425364,0.000294264350234
1461812418.86,-4.66230520018,1.61686722624,-0.202050015678,0.0699320959159,-0.00727660354299,0.0025041434043,0,0.213809978426,0.000297303597952
1461812418.87,-4.86799351763,1.68805139386,-0.205140086836,0.0709875145338,-0.00726353637206,0.00249853119959,0,0.217075292115,0.000300273795027
1461812418.89,-5.07676537265,1.760288174,-0.208155550744,0.0720163248187,-0.00725017762543,0.00249281216829,0,0.220261400037,0.000303056050219
1461812418.89,-5.28854601221,1.8335509049,-0.211097613802,0.0730189542473,-0.00723655035922,0.00248699464425,0,0.223369582156,0.000305676736277
1461812418.91,-5.50326190119,1.90781335647,-0.213967480878,0.0739958299137,-0.00722255684888,0.00248109752088,0,0.226401116866,0.000307193394854
1461812418.92,-5.7208406605,1.98304973514,-0.216766236973,0.0749473888859,-0.00720819559444,0.00247506113111,0,0.229357172532,0.00030879966117
1461812418.92,-5.94121099527,2.05923465459,-0.219494943916,0.0758740010166,-0.00719346055646,0.00246885280939,0,0.232238873651,0.000311032519296
1461812418.94,-6.16430266946,2.13634308202,-0.222154636383,0.0767759967495,-0.00717842408249,0.00246246973941,0,0.235047306182,0.000314314211131
1461812418.95,-6.39004651788,2.21435031363,-0.224746399256,0.0776536971591,-0.00716309852149,0.00245596855176,0,0.237783600488,0.00031767521123
1461812418.96,-6.6183744664,2.29323199507,-0.227271307822,0.0785074723967,-0.00714735129222,0.00244939531282,0,0.240448893907,0.000319615851137
1461812418.97,-6.84921944987,2.37296416512,-0.229730285932,0.0793377303553,-0.0071312351046,0.00244289326297,0,0.243044192961,0.000318278450158
1461812418.99,-7.08251535335,2.45352334211,-0.232124290616,0.0801450111459,-0.00711491655764,0.00243639523569,0,0.245570578664,0.000315923821305
1461812418.99,-7.31819710225,2.53488655087,-0.23445442303,0.080929778254,-0.00709838462216,0.00242967743048,0,0.248029243208,0.000316027696269
1461812419.0,-7.55620071759,2.61703116784,-0.236721751499,0.0816922665707,-0.00708148206258,0.00242255145782,0,0.250421273158,0.000320406082728
1461812419.02,-7.79646321012,2.69993471014,-0.23892716889,0.082432521668,-0.00706416905365,0.00241525418475,0,0.25274752751,0.000325001537537
1461812419.02,-8.03892246353,2.7835748589,-0.241071511185,0.0831508203357,-0.00704663754051,0.00240788883773,0,0.255008886958,0.000329268252962
1461812419.03,-8.28351729349,2.86792962366,-0.243155785751,0.08384753499,-0.00702868845085,0.00240032459425,0,0.257206425402,0.00033412938444
1461812419.05,-8.53018742347,2.95297732094,-0.245180784718,0.0845229023925,-0.00701038351011,0.00239260178819,0,0.259340969042,0.000339281282287
1461812419.05,-8.77887339994,3.03869652423,-0.247147344863,0.0851771940971,-0.00699173589875,0.00238477752077,0,0.261413397643,0.000343984843376
1461812419.07,-9.02951661275,3.12506610709,-0.249056299147,0.0858107321855,-0.00697254232969,0.00237681997204,0,0.26342460383,0.000347761580779
1461812419.08,-9.28205918306,3.21206524926,-0.250908264647,0.0864238011144,-0.00695301180779,0.00236868535789,0,0.265375263857,0.000352241903462
1461812419.08,-9.53644395362,3.29967339305,-0.252704050926,0.0870166367428,-0.00693326073923,0.00236046942653,0,0.267266220133,0.000356649183551
1461812419.1,-9.79261463491,3.38787026451,-0.254444565432,0.087589564046,-0.00691313635948,0.00235220445206,0,0.26909843665,0.00035988840666
1461812419.12,-10.0505157685,3.47663593078,-0.256130547755,0.0881429331281,-0.0068926119867,0.00234363715571,0,0.270872726855,0.000365190329754
1461812419.12,-10.3100926223,3.56595068249,-0.257762696547,0.0886768388781,-0.00687172810341,0.00233489606912,0,0.272589782429,0.000370974078353
1461812419.13,-10.5712911829,3.6557949694,-0.259341736158,0.0891915002483,-0.00685065875977,0.00232613496242,0,0.274250359762,0.000376038865092
1461812419.15,-10.8340582484,3.74614953713,-0.260868547019,0.0896872825065,-0.00682922309349,0.00231731732949,0,0.275855410437,0.000380117521159
1461812419.15,-11.098341407,3.8369954783,-0.26234381471,0.0901645078393,-0.00680751694372,0.00230840260382,0,0.27740568774,0.000384180235836
1461812419.16,-11.3640889802,3.92831418744,-0.263768305021,0.0906234522342,-0.00678541889404,0.00229913123782,0,0.278902005781,0.000390883982521
1461812419.18,-11.6312499946,4.0200872053,-0.265142649437,0.0910641318026,-0.00676305418149,0.00228980896817,0,0.28034496723,0.000396929471903
1461812419.18,-11.8997741712,4.11229624158,-0.266467589546,0.0914868619554,-0.00674037353251,0.00228038876915,0,0.281735376176,0.000402720879421
1461812419.2,-12.1696119475,4.20492329792,-0.267743803817,0.09189190571,-0.00671735115557,0.00227091269267,0,0.283073959977,0.000407680294309
1461812419.21,-12.4407144269,4.29795065998,-0.268971931873,0.0922795620347,-0.00669404562732,0.00226138644156,0,0.284361420915,0.000412028066906
1461812419.21,-12.7130333815,4.39136091523,-0.27015265795,0.0926501295067,-0.00667038223065,0.0022516976522,0,0.285598503314,0.000416808697527
1461812419.23,-12.9865212306,4.48513689357,-0.271286579377,0.0930037906157,-0.00664635064632,0.00224181078261,0,0.286785831622,0.000422377436957
1461812419.24,-13.2611309853,4.57926158957,-0.272374271423,0.0933406893703,-0.00662200084333,0.00223171243071,0,0.28792399696,0.000429054061878
1461812419.24,-13.5368162572,4.67371813516,-0.273416346821,0.093660953765,-0.00659730542422,0.00222145544301,0,0.289013620733,0.00043609188938
1461812419.26,-13.8135312567,4.76848981665,-0.2744133792,0.0939647610239,-0.00657220179744,0.0022110830998,0,0.290055303345,0.000442757275972
1461812419.28,-14.0912307368,4.86356011922,-0.275365869378,0.0942523272412,-0.00654667743353,0.0022006130598,0,0.291049588917,0.000448832215573
1461812419.28,-14.3698699449,4.95891275299,-0.276274295875,0.094523881495,-0.0065210467181,0.00218992203582,0,0.291997004667,0.000456914029976
1461812419.29,-14.6494047641,5.0545315955,-0.277139435741,0.0947795274602,-0.00649505363932,0.00217911351748,0,0.292898319675,0.000464820915952
1461812419.31,-14.9297917267,5.15040067972,-0.277961799593,0.0950194681581,-0.00646861156181,0.00216823659296,0,0.293754083141,0.000471708368212
1461812419.31,-15.2109878321,5.24650426618,-0.278741802932,0.0952439506561,-0.00644179657645,0.00215729929868,0,0.294564768495,0.000477823864146
1461812419.32,-15.4929505333,5.34282686648,-0.279479927518,0.0954532249556,-0.00641466162238,0.0021462164675,0,0.295330912774,0.000484327088241
1461812419.34,-15.7756377916,5.43935319967,-0.280176697358,0.0956474525947,-0.00638726387408,0.00213501364356,0,0.296053064382,0.000491147930111
1461812419.34,-16.0590081209,5.53606815909,-0.280832682007,0.0958268169135,-0.00635966342489,0.00212370167973,0,0.296731821892,0.000498387854485
1461812419.36,-16.3430206346,5.63295682684,-0.281448498523,0.0959915082213,-0.0063318215725,0.0021123052959,0,0.297367831098,0.000505635282867
1461812419.37,-16.6276350439,5.73000448771,-0.282024713694,0.0961417372469,-0.00630368812781,0.00210088012101,0,0.297961696825,0.000512123913376
1461812419.37,-16.9128116017,5.82719666502,-0.282561833785,0.0962777650205,-0.00627524957511,0.00208934958208,0,0.298513982837,0.000518652661154
1461812419.39,-17.1985110603,5.92451910483,-0.283060341693,0.0963997723106,-0.00624647597315,0.00207774948132,0,0.299025204859,0.00052474239095
1461812419.4,-17.4846946399,6.02195775188,-0.283520681313,0.096507971356,-0.00621734286207,0.00206604723234,0,0.299495851837,0.000530671912756
1461812419.41,-17.7713239927,6.11949874685,-0.283943263692,0.0966025382166,-0.00618788948538,0.00205425463276,0,0.299926369941,0.000536471411439
1461812419.42,-18.0583612011,6.21712841239,-0.284328530113,0.0966836569924,-0.00615807873973,0.00204250007551,0,0.300317236545,0.000540672913425
1461812419.44,-18.3457687706,6.31483331942,-0.284676876676,0.0967516339265,-0.00612801886279,0.00203075219243,0,0.300668925534,0.000544043237599
1461812419.44,-18.6335096567,6.41260032944,-0.284988797628,0.0968067383966,-0.00609779243105,0.00201897177541,0,0.300981991774,0.000547313662998
1461812419.45,-18.9215473505,6.51041655372,-0.285264858258,0.0968491959686,-0.00606731627325,0.00200706848444,0,0.301257043265,0.000551139022987
1461812419.47,-19.2098458669,6.60826928393,-0.285505531041,0.0968791391639,-0.00603661758814,0.0019951055601,0,0.3014945702,0.000554947603056
1461812419.47,-19.4983697068,6.70614597588,-0.285711305656,0.0968967598296,-0.00600566690299,0.00198302997801,0,0.301695098146,0.000559192637213
1461812419.48,-19.7870838459,6.8040342507,-0.285882633108,0.0969021940114,-0.00597431102464,0.00197074128166,0,0.301859098119,0.000564373667139
1461812419.5,-20.0759536345,6.90192181535,-0.28601980525,0.0968954765872,-0.00594249615601,0.00195810141275,0,0.301986857956,0.000571721327769
1461812419.5,-20.3649446878,6.99979634264,-0.286123055378,0.09687650644,-0.00591035636644,0.00194538938644,0,0.302078566467,0.000578772269115
1461812419.52,-20.6540229214,7.09764554378,-0.286192743509,0.0968454579099,-0.0058779219706,0.00193269907134,0,0.302134620915,0.000584674663871
1461812419.53,-20.9431546259,7.19545735122,-0.28622925217,0.0968025938416,-0.00584524404016,0.00191993635441,0,0.302155468215,0.000590616205291
1461812419.53,-21.2323065001,7.29321991324,-0.286233006286,0.0967480795921,-0.00581238346034,0.0019070044843,0,0.302141564159,0.000597820897524
1461812419.55,-21.5214456981,7.39092149507,-0.286204481952,0.0966819823949,-0.0057792600939,0.00189383366308,0,0.302093381604,0.000606715490441
1461812419.57,-21.8105398101,7.4885503943,-0.286144067205,0.0966042997368,-0.00574584692363,0.00188045714786,0,0.302011287743,0.0006168384623
1461812419.57,-22.0995568008,7.58609492261,-0.286052115846,0.0965150617469,-0.00571206850184,0.00186691104512,0,0.301895627865,0.000627539585771
1461812419.58,-22.3884649509,7.68354343988,-0.285928900661,0.0964143333362,-0.00567789063749,0.00185322291607,0,0.301746681681,0.000638415328638
1461812419.6,-22.6772327968,7.78088438468,-0.285774655472,0.0963022051272,-0.00564334391322,0.00183944976156,0,0.301564700226,0.00064899002052
1461812419.6,-22.9658291243,7.87810631468,-0.285589639398,0.096178821791,-0.00560846866224,0.00182562626478,0,0.301349975763,0.000659061304164
1461812419.61,-23.254222998,7.97519794961,-0.285374145899,0.0960443590947,-0.00557327008314,0.00181177374842,0,0.301102842998,0.000668444205424
1461812419.63,-23.5423837789,8.07214819558,-0.285128467662,0.0958990101862,-0.00553778954695,0.00179787192828,0,0.300823641402,0.00067751798412
1461812419.63,-23.8302811414,8.16894614173,-0.284852932065,0.0957429444722,-0.0055019933471,0.00178393079909,0,0.300512735707,0.000686073455403
1461812419.64,-24.1178850701,8.2655810516,-0.284547826904,0.0955763377659,-0.00546585440792,0.00176997904342,0,0.300170455136,0.000693730036975
1461812419.66,-24.4051658242,8.36204237889,-0.284213407686,0.0953993904731,-0.00542943984535,0.00175593534399,0,0.299797106075,0.000701603439518
1461812419.66,-24.6920939518,8.45831973703,-0.28384999058,0.0952122193008,-0.00539283072584,0.00174180193625,0,0.299393025731,0.000709964236303
1461812419.68,-24.9786403578,8.5544028573,-0.28345796488,0.0950149408123,-0.00535591531479,0.00172748939347,0,0.298958620601,0.000719367174784
1461812419.69,-25.2647762803,8.65028154281,-0.283037602591,0.0948075816017,-0.00531875694111,0.00171304827581,0,0.298494157413,0.000729500662352
1461812419.69,-25.5504732614,8.74594564855,-0.282589232341,0.0945902172799,-0.0052812513766,0.00169862714648,0,0.297999972215,0.00073840993806
1461812419.71,-25.8357031194,8.8413851794,-0.282113074044,0.0943630675379,-0.00524345151004,0.00168407835884,0,0.297476343701,0.00074788787465
1461812419.73,-26.1204379192,8.93659028612,-0.281609395043,0.0941262029788,-0.00520536804418,0.00166944352097,0,0.296923548179,0.000757531706607
1461812419.73,-26.4046499983,9.03155121086,-0.281078467825,0.0938797335697,-0.00516699516983,0.00165470305164,0,0.296341879339,0.000767541482504
1461812419.74,-26.6883119637,9.12625829595,-0.280520553735,0.093623747889,-0.00512831564749,0.00163994578533,0,0.295731613522,0.000776900094968
1461812419.76,-26.9713966752,9.22070201673,-0.279935891995,0.0933584198008,-0.00508925952741,0.00162507942096,0,0.295093033084,0.000786373065629
1461812419.76,-27.253877197,9.31487297625,-0.279324648492,0.0930838292373,-0.00504985636053,0.0016100703826,0,0.294426321039,0.000796446688089
1461812419.77,-27.5357267737,9.40876184067,-0.278687014755,0.0928000216275,-0.00501009709931,0.0015949293736,0,0.293731673824,0.000806979478607
1461812419.79,-27.816918837,9.50235932699,-0.278023169618,0.0925070519811,-0.0049702878186,0.0015799808075,0,0.293009278881,0.000815522413046
1461812419.79,-28.0974271505,9.59565636937,-0.277333588287,0.0922052921328,-0.00492993642286,0.00156478563716,0,0.292259704868,0.000825146651683
1461812419.81,-28.377225707,9.68864405433,-0.276618254216,0.0918946762146,-0.00488926228547,0.0015492916943,0,0.291482915592,0.000837260811272
1461812419.82,-28.6562885924,9.78131337639,-0.275877366172,0.0915750885507,-0.00484848617036,0.00153366794139,0,0.290679063589,0.000850800394951
1461812419.82,-28.9345902016,9.87365529891,-0.275111335295,0.0912465813623,-0.00480732756192,0.00151799502348,0,0.289848556005,0.000863813856257
1461812419.84,-29.2121052007,9.96566087778,-0.2743202896,0.090909284858,-0.00476586521007,0.00150219492329,0,0.288991555862,0.000877499641159
1461812419.85,-29.4888084229,10.0573212601,-0.273504431714,0.0905632501857,-0.00472415395475,0.00148648531992,0,0.288108272098,0.000889591080313
1461812419.85,-29.7646749316,10.1486277529,-0.272664013955,0.0902087407955,-0.00468212904636,0.00147056305047,0,0.287199027544,0.000903340563679
1461812419.87,-30.0396800101,10.2395717753,-0.271799220141,0.089845717769,-0.00463970526407,0.00145453262463,0,0.286263984935,0.000917229219448
1461812419.89,-30.3137990828,10.3301447593,-0.270910146897,0.0894742453858,-0.00459686888829,0.0014384235411,0,0.285303256692,0.000930876685085
1461812419.89,-30.5870076642,10.4203382165,-0.26999687547,0.0890944155484,-0.00455381786324,0.00142254140325,0,0.284316949276,0.00094147545938
1461812419.9,-30.8592814486,10.5101439028,-0.269059679467,0.0887066178126,-0.00451064343175,0.00140623332344,0,0.283305444985,0.000957103053174
1461812419.92,-31.1305964498,10.5995536372,-0.26809891644,0.0883105941133,-0.00446709192952,0.001389687099,0,0.282269002955,0.000974563412939
1461812419.92,-31.4009289122,10.6885590749,-0.267114688202,0.0879062755881,-0.00442311142054,0.00137291503815,0,0.281207698937,0.000993533445118
1461812419.93,-31.6702551561,10.777151808,-0.26610704363,0.0874936068137,-0.0043788960636,0.00135619086548,0,0.280121562724,0.00101150399182
1461812419.95,-31.9385516477,10.8653235102,-0.2650762209,0.0870728017256,-0.00433431863158,0.0013394647112,0,0.279010888116,0.00102858362018
1461812419.95,-32.205795028,10.9530660443,-0.264022328741,0.0866440211081,-0.0042894558225,0.00132266462841,0,0.277875829225,0.00104597883118
1461812419.97,-32.4719620846,11.0403713978,-0.262945548872,0.0862073520217,-0.00424436963546,0.001305905898,0,0.276716586446,0.00106253138159
1461812419.98,-32.7370298183,11.1272317027,-0.261846120138,0.0857629927613,-0.00419909462754,0.0012891157052,0,0.275533449074,0.00107930152749
1461812419.98,-33.0009754857,11.2136392533,-0.26072431047,0.0853110662972,-0.00415369799135,0.00127228168353,0,0.274326710516,0.00109673977574
1461812420.0,-33.2637766452,11.2995864605,-0.259580448292,0.0848516810211,-0.00410779133607,0.00125521165623,0,0.273096717131,0.00111569818631
1461812420.02,-33.5254109892,11.3850657473,-0.258414474836,0.0843847548238,-0.00406167116501,0.00123813792201,0,0.271843388095,0.00113447504965
1461812420.02,-33.7858562996,11.4700695711,-0.257226623081,0.0839104348909,-0.00401534744474,0.00122100633269,0,0.270566991159,0.00115383010187
1461812420.03,-34.0450905964,11.5545905092,-0.256017131115,0.0834288123991,-0.00396884855122,0.00120381648937,0,0.269267781516,0.00117391424207
1461812420.05,-34.3030921518,11.6386212298,-0.254786260073,0.0829399763107,-0.00392212023764,0.00118650809593,0,0.267946035597,0.00119531904287
1461812420.05,-34.559839472,11.7221544602,-0.253534212704,0.0824439547185,-0.00387508787087,0.00116914032151,0,0.266601955509,0.00121696668675
1461812420.06,-34.8153112286,11.805182985,-0.252261114563,0.0819408331392,-0.00382773614256,0.00115174139422,0,0.26523568775,0.00123843298841
1461812420.08,-35.0694862112,11.8876996889,-0.250967073692,0.0814307230428,-0.00378018653174,0.00113440717113,0,0.263847370146,0.00125896472312
1461812420.08,-35.3223433782,11.9696976155,-0.249652315019,0.0809138276096,-0.00373239102029,0.00111694420816,0,0.262437279922,0.00128101953604
1461812420.1,-35.5738618887,12.0511699152,-0.248317011919,0.0803901563814,-0.00368423633524,0.00109937005213,0,0.261005585479,0.00130388676906
1461812420.11,-35.8240210188,12.1321097566,-0.246961223289,0.0798597359049,-0.00363579821686,0.00108169787763,0,0.259552351612,0.00132776430642
1461812420.11,-36.0728001412,12.2125103415,-0.245585081076,0.0793226051069,-0.00358714699669,0.00106396575967,0,0.25807771645,0.00135247417546
1461812420.13,-36.3201787958,12.2923649295,-0.244188783511,0.0787788394492,-0.00353824563918,0.00104617121811,0,0.256581892458,0.00137791688859
1461812420.14,-36.5661367021,12.3716668545,-0.242772488567,0.078228510454,-0.00348901772032,0.00102827805627,0,0.25506505259,0.00140429917648
1461812420.14,-36.8106536996,12.450409504,-0.241336276162,0.07767165274,-0.00343953051341,0.00101026393186,0,0.253527284194,0.00143231807683
1461812420.16,-37.053709741,12.5285862887,-0.239880290542,0.0771082783385,-0.0033899592169,0.000992344005788,0,0.25196872897,0.00145965341284
1461812420.18,-37.2952850111,12.6061907391,-0.238404844763,0.0765386098974,-0.00334017138129,0.000974290737084,0,0.250389753807,0.00148911678363
1461812420.18,-37.5353599416,12.6832164943,-0.236910115822,0.0759626426218,-0.00329020292239,0.000956097029993,0,0.248790526453,0.0015210705449
1461812420.22,-37.7739151589,12.7596571855,-0.235396312369,0.0753803648587,-0.00323999398117,0.000937917733612,0,0.247171242832,0.00155289015981
1461812420.22,-38.0109314682,12.8355065092,-0.233863580223,0.0747919169405,-0.0031895476603,0.000919810299322,0,0.245532085468,0.00158370617023
1461812420.22,-38.2463898223,12.9107583313,-0.232312065326,0.074197492695,-0.00313882720276,0.000901863672275,0,0.243873253183,0.00161190304756
1461812420.23,-38.4802713012,12.9854067558,-0.230741874678,0.0735973692399,-0.00308784931635,0.000883922626324,0,0.242194932831,0.00164003729923
1461812420.24,-38.7125571005,13.0594460864,-0.229153129515,0.0729916660289,-0.00303663647506,0.000865909788537,0,0.24049727665,0.00166952105847
1461812420.24,-38.9432285483,13.1328707073,-0.22754597067,0.0723804243011,-0.00298519880061,0.000847773267326,0,0.238780431757,0.00170133739456
1461812420.26,-39.1722671184,13.2056750182,-0.225920546081,0.0717636336171,-0.00293354656285,0.000829496645987,0,0.23704453643,0.00173591522884
1461812420.27,-39.3996544377,13.2778534002,-0.224277010791,0.0711412676578,-0.00288170012479,0.000811083895435,0,0.235289731041,0.00177341032471
1461812420.27,-39.6253722986,13.3494002098,-0.222615536698,0.0705133045222,-0.00282961195354,0.000792616209103,0,0.233516173516,0.00181226227233
1461812420.29,-39.8494026412,13.4203098224,-0.220936245678,0.0698798023167,-0.0027772784415,0.00077413647288,0,0.231723998382,0.00185176423364
1461812420.3,-40.0717275261,13.4905766929,-0.219239253637,0.0692408600137,-0.00272472223947,0.000755615712389,0,0.229913346787,0.00189261967488
1461812420.3,-40.2923291409,13.5601953608,-0.217524696359,0.0685965462116,-0.00267195962635,0.000737011297135,0,0.228084369649,0.00193578149446
1461812420.32,-40.5111898171,13.6291604127,-0.215792722866,0.0679468863586,-0.00261900319674,0.000718360956155,0,0.226237217556,0.00198073509065
1461812420.34,-40.7282920415,13.6974664795,-0.214043491541,0.0672919423684,-0.00256580721565,0.000699745550476,0,0.224372061048,0.0020257734958
1461812420.34,-40.9436184367,13.7651082946,-0.212277112782,0.0666318541605,-0.00251237090397,0.000681187845318,0,0.222489048269,0.00207048742638
1461812420.59,-41.1571517349,13.8320807427,-0.210493694012,0.0659667811657,-0.00245870251789,0.000662673272091,0,0.220588330236,0.00211522987026
1461812420.59,-41.3688747802,13.8983788605,-0.208693348599,0.0652968653491,-0.00240483037328,0.000644153729055,0,0.218670058248,0.00216116699741
1461812420.59,-41.578770544,13.9639978027,-0.206876215393,0.0646221986966,-0.00235077730792,0.00062555655528,0,0.216734392886,0.00220999754312
1461812420.59,-41.786822148,14.0289327797,-0.205042452847,0.0639428001468,-0.00229654819999,0.000606810131121,0,0.214781491661,0.00226338808731
1461812420.6,-41.993012875,14.0931789849,-0.203192221026,0.0632586180724,-0.00224211142967,0.000587897796798,0,0.212811492749,0.00232171596805
1461812420.6,-42.1973261517,14.1567315519,-0.201325645807,0.0625695855518,-0.00218747381507,0.000568875762245,0,0.21082449738,0.00238408050249
1461812420.6,-42.3997455344,14.2195855753,-0.199442857229,0.0618756920877,-0.0021325774694,0.000549900505902,0,0.208820627743,0.00244688790209
1461812420.6,-42.6002546804,14.2817362177,-0.197543926005,0.0611770807418,-0.00207745543529,0.000530958562583,0,0.206799994945,0.0025107275922
1461812420.6,-42.7988373341,14.3431787777,-0.195628953811,0.0604738785183,-0.00202211376754,0.000512030684875,0,0.204762734774,0.00257616777789
1461812420.6,-42.9954773448,14.4039086716,-0.193698046227,0.0597661910191,-0.00196658503516,0.000493095615996,0,0.202708980317,0.0026440527874
1461812420.6,-43.1901586836,14.4639214104,-0.191751338637,0.0590541009024,-0.00191089154717,0.000474115329748,0,0.200638886317,0.00271560893381
1461812420.6,-43.382865468,14.523212569,-0.189788985581,0.0583376519075,-0.00185505496996,0.00045506883406,0,0.198552614382,0.00279173553036
1461812420.6,-43.573581981,14.5817777553,-0.187811159739,0.0576168663267,-0.00179908170182,0.000435963456932,0,0.196450337256,0.00287258288746
1461812420.6,-43.7622926816,14.6396126033,-0.185818036612,0.056891773188,-0.00174296287791,0.000416824872709,0,0.194332232496,0.00295773097493
1461812420.6,-43.9489821997,14.696712789,-0.183809779501,0.0561624260995,-0.00168664933696,0.000397675763632,0,0.192198473317,0.00304648592076
1461812420.6,-44.1336353038,14.7530740529,-0.181786500261,0.0554288998258,-0.00163011992604,0.000378511504685,0,0.190049189982,0.00313905021518
1461812420.6,-44.3162368641,14.8086922085,-0.179748287783,0.0546912631039,-0.00157340199033,0.000359336015616,0,0.187884489037,0.00323581301068
1461812420.6,-44.4967718528,14.8635631396,-0.177695255978,0.0539495871371,-0.00151649055024,0.000340132931144,0,0.185704501694,0.00333748356838
1461812420.6,-44.6752253541,14.9176827932,-0.175627511598,0.0532039256669,-0.00145943815836,0.000320908020412,0,0.183509347272,0.00344469963356
1461812420.6,-44.8515825848,14.9710471729,-0.173545210761,0.0524543370136,-0.00140224919066,0.000301673338735,0,0.181299193737,0.00355754215655
1461812420.6,-45.0258289201,15.0236523466,-0.171448510752,0.0517008901453,-0.00134491432099,0.000282421398153,0,0.179074213334,0.0036765571229
1461812420.6,-45.197949888,15.0754944474,-0.169337556572,0.0509436453126,-0.00128743937439,0.000263147467556,0,0.176834564109,0.00380239626006
1461812420.6,-45.3679311643,15.1265696665,-0.167212496027,0.0501826569245,-0.00122981249159,0.000243875471869,0,0.174580405211,0.0039347036678
1461812420.6,-45.5357585666,15.1768742611,-0.165073462349,0.0494180017484,-0.00117199948131,0.000224593171083,0,0.172311888355,0.00407403656005
1461812640.93,-45.7014180287,15.2264045595,-0.162920552593,0.0486497430211,-0.00111399405789,0.000205278505231,0,0.170029126779,0.00422161093215
1461812640.94,-45.8648955783,15.2751569418,-0.160753855718,0.0478779210958,-0.00105585695573,0.000185947077768,0,0.167732219495,0.00437816272571
1461812640.98,-46.0261773625,15.3231278364,-0.15857351842,0.0471025908101,-0.000997607034772,0.000166601546238,0,0.165421325122,0.00454450811992
1461812640.98,-46.1852496844,15.370313728,-0.156379702946,0.0463238085092,-0.000939243769185,0.000147271005108,0,0.163096617771,0.00472038166462
1461812640.98,-46.3420990092,15.416711172,-0.154172567781,0.0455416579241,-0.000880745686989,0.000127943598898,0,0.160758275876,0.00490676776216
1461812640.98,-46.4967119499,15.4623168017,-0.151952247199,0.0447562094925,-0.000822110302941,0.000108599076802,0,0.158406450995,0.00510529145748
1461812640.98,-46.6490752522,15.5071273107,-0.149718870352,0.0439675123979,-0.000763343702255,8.92133848019e-05,0,0.156041283915,0.00531800611134
1461812640.98,-46.7991757944,15.5511394298,-0.147472569773,0.0431755912671,-0.000704451612338,6.98678306459e-05,0,0.153662911975,0.00554291036207
1461812640.98,-46.94700059,15.594349955,-0.145213480957,0.0423805499158,-0.000645434167119,5.05707643948e-05,0,0.151271497854,0.00578072406198
1461812640.98,-47.092536788,15.6367557903,-0.142941736822,0.0415824982666,-0.000586302720017,3.12732714116e-05,0,0.148867203533,0.00603485867548
1461812640.99,-47.2357716762,15.6783539252,-0.140657478751,0.0407814961072,-0.000527074719803,1.18878317314e-05,0,0.146450185228,0.0063109516817
1461812640.99,-47.3766926923,15.7191413652,-0.138360862402,0.0399775162602,-0.000467736478301,-7.58512801733e-06,0,0.144020588982,0.00661087236519
1461812640.99,-47.515287423,15.7591150889,-0.136052026902,0.0391705325095,-0.00040827964397,-2.70764032767e-05,0,0.141578545837,0.00693348801524
1461812640.99,-47.6515435897,15.7982720832,-0.133731100415,0.0383605869841,-0.000348714504825,-4.65755040322e-05,0,0.139124195782,0.00728064109961
1461812640.99,-47.7854490474,15.8366093825,-0.131398218622,0.0375477312505,-0.000289053355181,-6.60569118362e-05,0,0.136657689059,0.00765363995151
1461812640.99,-47.9169917927,15.8741240853,-0.129053526537,0.0367320408519,-0.000229316365053,-8.54773477739e-05,0,0.134179191892,0.00805309044183
1461812640.99,-48.0461599774,15.9108133874,-0.126697186044,0.035913632234,-0.00016949289254,-0.000104879253883,0,0.131688898286,0.00848387930579
1461812640.99,-48.1729419099,15.94667458,-0.124329345358,0.0350925779205,-0.000109575125912,-0.000124271997202,0,0.129186977449,0.00894972099286
1461812640.99,-48.2973260428,15.981705022,-0.121950142074,0.0342689398048,-4.95674207001e-05,-0.000143651241718,0,0.126673585989,0.00945421365457
1461812640.99,-48.4193009686,16.0159021362,-0.119559715305,0.0334427827919,1.05448366945e-05,-0.000162977806669,0,0.124148883381,0.00999891929227
1461812640.99,-48.5388554115,16.04926343,-0.117158187059,0.0326142088855,7.07498008255e-05,-0.000182305794724,0,0.121613023218,0.0105920822242
1461812640.99,-48.6559782236,16.081786486,-0.114745688513,0.031783265029,0.000131043693777,-0.000201636741828,0,0.119066153748,0.0112395003423
1461812640.99,-48.7706583903,16.1134689327,-0.112322351923,0.0309499957214,0.000191428378503,-0.00022098699537,0,0.116508424488,0.0119487512355
1461812640.99,-48.882885028,16.1443084349,-0.109888305074,0.0301144285515,0.00025190035526,-0.000240430274236,0,0.113939977176,0.0127329472813
1461812640.99,-48.9926473829,16.1743026483,-0.107443676624,0.0292765183117,0.000312467940586,-0.000259880842952,0,0.111360936468,0.013594761848
1461812640.99,-49.0999348256,16.2034492262,-0.10498858451,0.0284363047194,0.000373136183014,-0.000279339159626,0,0.108771440661,0.0145441103456
1461812640.99,-49.204736842,16.2317458614,-0.10252313936,0.0275938262486,0.000433889636113,-0.000298750107503,0,0.106171622156,0.0155882030287
1461812640.99,-49.3070430365,16.2591903126,-0.10004746473,0.0267491746182,0.000494678378323,-0.000318191338982,0,0.103561641265,0.0167479952817
1461812640.99,-49.4068431621,16.2857803915,-0.0975617306242,0.0259023636137,0.000555540772812,-0.000337562136775,0,0.100941684765,0.0180291816104
1461812640.99,-49.5041271223,16.311513974,-0.0950660660544,0.0250535054474,0.000616477942272,-0.000356861812075,0,0.0983119273042,0.0194489178563
1461812640.99,-49.5988849494,16.3363890486,-0.0925605963499,0.0242027107626,0.000677475325295,-0.000376117182209,0,0.0956725415409,0.0210307321514
1461812640.99,-49.6911068081,16.3604037008,-0.0900454586041,0.0233500617088,0.000738509635585,-0.000395352776097,0,0.0930237066399,0.0228026195267
1461812640.99,-49.7807830119,16.3835560861,-0.0875208099891,0.022495614754,0.000799531005957,-0.000414610854779,0,0.0903656177111,0.0248009542768
1461812640.99,-49.8679040564,16.4058443954,-0.0849868534035,0.0216393838212,0.000860573727821,-0.000433840307026,0,0.0876985073054,0.0270550958672
1461812640.99,-49.9524606229,16.4272668591,-0.0824437540822,0.0207814326439,0.000921667284054,-0.000453058067088,0,0.085022588351,0.0296091849384
1461812640.99,-50.0344435433,16.4478217627,-0.0798916450622,0.0199218070853,0.000982777763079,-0.000472268628334,0,0.082338043141,0.0325172264274
1461812640.99,-50.1138437995,16.4675074355,-0.0773306899531,0.0190605476878,0.00104390432893,-0.000491444485783,0,0.0796450882778,0.0358388435329
1461812640.99,-50.1906525373,16.4863222609,-0.0747610499117,0.018197721138,0.00110503739684,-0.000510577606629,0,0.0769439512796,0.0396502676778
1461812640.99,-50.2648610685,16.5042646932,-0.0721828922646,0.0173334006608,0.00116617300274,-0.000529657799976,0,0.0742348753225,0.044044774908
1461812640.99,-50.3364608743,16.521333265,-0.0695963848766,0.0164676680036,0.0012273069809,-0.000548662743199,0,0.0715181157286,0.0491357947551
1461812640.99,-50.4054436057,16.5375266016,-0.0670016963378,0.0156006251552,0.00128845649986,-0.000567606775494,0,0.0687939446272,0.0550715101788
1461812640.99,-50.4718010738,16.5528434234,-0.0643989750411,0.0147323580121,0.00134961864875,-0.00058651274453,0,0.0660626245236,0.062042366599
1461812640.99,-50.5355252395,16.567282525,-0.0617883692646,0.0138629283622,0.00141080786785,-0.000605420002785,0,0.0633244294025,0.0702949346092
1461812640.99,-50.5966082048,16.5808427434,-0.0591700101688,0.0129923581922,0.00147202630635,-0.000624298709156,0,0.0605796292063,0.0801305085484
1461812640.99,-50.6550422018,16.5935229522,-0.0565440241852,0.0121206982934,0.00153320772705,-0.000643110621759,0,0.0578285223585,0.0919428649124
1461812640.99,-50.7108196221,16.6053220952,-0.053910600129,0.0112480359182,0.00159434341207,-0.000661821735865,0,0.0550715091339,0.106247551923
1461812640.99,-50.7639330506,16.6162392203,-0.0512699315826,0.0103744898987,0.00165540415226,-0.000680469938707,0,0.0523090424797,0.123759437176
1461812640.99,-50.8143752801,16.6262734752,-0.0486222368817,0.00950013956079,0.00171637639893,-0.000699065739382,0,0.0495416448158,0.145437772712
1461812640.99,-50.8621393288,16.6354240819,-0.0459677432731,0.00862505234498,0.00177733010185,-0.00071760688536,0,0.046769915005,0.172592607683
1461812640.99,-50.907218407,16.6436903308,-0.0433066049078,0.00774929655043,0.00183830001616,-0.000736147034137,0,0.0439944726718,0.20709457471
1461812640.99,-50.9496058619,16.6510715538,-0.0406389387938,0.00687288652596,0.00189947076486,-0.000754745125016,0,0.0412160152791,0.251616274435
1461812640.99,-50.9892950653,16.6575670678,-0.0379646786684,0.00599577857293,0.00196063434083,-0.00077330404208,0,0.0384352206588,0.310021205354
1461812640.99,-51.0262794268,16.6631761943,-0.035283963441,0.00511802504023,0.00202150840557,-0.000791706894123,0,0.0356532222446,0.388088370143
1461812640.99,-51.060552636,16.6678983659,-0.0325972059347,0.00423979178319,0.00208231779552,-0.000810080245306,0,0.0328717761783,0.494873256662
1461812640.99,-51.0921086831,16.6717331176,-0.0299045903764,0.00336111730712,0.00214312668108,-0.000828381438499,0,0.0300928834633,0.644700917316
1461812641.0,-51.1209417101,16.6746800442,-0.0272062344214,0.00248208115125,0.00220390775368,-0.00084668333988,0,0.0273192225042,0.861465510658
1461812641.0,-51.1470459906,16.6767387837,-0.0245022801344,0.00160268985514,0.00226467693021,-0.000864984352067,0,0.0245546400209,1.18641171623
1461812641.0,-51.1704159323,16.6779089813,-0.0217928511401,0.000722951393015,0.00232544462749,-0.00088330788185,0,0.0218048393604,1.69464533444
1461812641.0,-51.1910460611,16.6781902788,-0.0190780583824,-0.000157149359058,0.00238619170318,-0.000901642435278,0,0.019078705605,2.53097318803
1461812641.0,-51.2089310237,16.6775823082,-0.0163580293456,-0.00103761595845,0.00244691809498,-0.000919990197985,0,0.016390905129,3.99403887279
1461812641.0,-51.224065594,16.6760846972,-0.0136328890256,-0.00191845403331,0.00250754857957,-0.000938270562793,0,0.013767212102,6.74563595812
1461812641.0,-51.2364447087,16.6736971078,-0.0109028336371,-0.00279959010418,0.00256807784007,-0.000956467162479,0,0.0112565308186,12.3519971882
1461812641.0,-51.2460635034,16.6704192842,-0.00816806068112,-0.00368093612132,0.0026285438778,-0.000974597890703,0,0.0089591576624,24.524515923
1461812641.0,-51.2529172922,16.6662510491,-0.00542872646725,-0.00456242333179,0.00268897087341,-0.000992701863445,0,0.00709131706488,49.5158604454
1461812641.0,-51.2570015332,16.6611922748,-0.00268496048197,-0.00544402269133,0.00274928785639,-0.00101077900741,0,0.00607012321567,79.0526521703
1461812641.0,-51.2583118498,16.6552428626,6.30408269357e-05,-0.00632570566476,0.00280952125537,-0.00102881532601,0,0.00632601978364,69.9458358554
1461812641.0,-51.2568440483,16.6484027493,0.00281511084066,-0.00720743057095,0.0028696079156,-0.00104678959792,0,0.00773769374428,38.2836217177
1461812641.0,-51.2525941335,16.6406719239,0.00557102438113,-0.00808913576549,0.00292962137517,-0.00106469434071,0,0.00982193616797,18.7505770756
1461812641.0,-51.2455582984,16.632050441,0.00833063284117,-0.00897075350408,0.00298955497926,-0.00108256664042,0,0.0122422980672,9.7013793538
1461812641.0,-51.2357328881,16.6225384042,0.011093784064,-0.0098522537416,0.00304943827485,-0.00110041954428,0,0.0148370801928,5.46075494868
1461812641.0,-51.2231143849,16.6121359407,0.0138603578921,-0.0107336198202,0.00310925416071,-0.00111822572754,0,0.0175305480616,3.31778678456
1461812641.0,-51.2076993999,16.600843208,0.0166302198117,-0.0116148086368,0.00316893374805,-0.00113595573675,0,0.0202846737873,2.14645401342
1461812641.0,-51.1894847132,16.5886604215,0.0194031704886,-0.012495749086,0.00322850447627,-0.00115361473819,0,0.0230787081578,1.46097501763
1461812641.0,-51.1684672905,16.575587865,0.0221790414656,-0.0133763765477,0.00328799244354,-0.0011711954129,0,0.0259005275985,1.03628150376
1461812641.0,-51.1446442528,16.5616258908,0.0249576932309,-0.0142566205214,0.00334736619163,-0.00118869048625,0,0.0287426108783,0.760365886148
1461812641.0,-51.1180128765,16.546774925,0.0277389582341,-0.0151364047875,0.00340659918986,-0.00120610942558,0,0.0316000087627,0.573846282984
1461812641.0,-51.0885706187,16.5310354655,0.0305226462755,-0.0160156639288,0.00346571170163,-0.00122346882206,0,0.0344693113761,0.443475735063
1461812641.0,-51.0563151165,16.5144080672,0.0333085908176,-0.0168943500959,0.00352466435901,-0.00124074112525,0,0.0373481095561,0.349729586711
1461812641.0,-51.0212441935,16.4968933465,0.0360965900731,-0.0177723893967,0.00358348939572,-0.00125797477479,0,0.0402345826345,0.280636202356
1461812641.0,-50.9833558588,16.4784919697,0.0388864778794,-0.0186497568881,0.00364210301234,-0.00127512204859,0,0.0431273879785,0.228625152183
1461812641.0,-50.9426483294,16.4592046518,0.0416780092739,-0.0195263813579,0.00370058035426,-0.00129222677484,0,0.0460253845825,0.188738733257
1461812641.0,-50.8991200299,16.4390321571,0.0444710178356,-0.0204022359701,0.00375887884179,-0.00130926620019,0,0.048927728947,0.157647561213
1461812641.0,-50.8527695727,16.417975288,0.0472652987438,-0.0212772721269,0.00381700510553,-0.00132620942724,0,0.0518336837829,0.133070170505
1461812641.0,-50.8035957714,16.3960349111,0.0500606577724,-0.022151411923,0.00387490864162,-0.00134307624968,0,0.0547426205692,0.113376378481
1461812641.0,-50.7515976593,16.3732119611,0.0528568550857,-0.0230245984093,0.00393263806711,-0.00135984224947,0,0.0576539613683,0.097424189859
1461812641.0,-50.6967744852,16.3495074416,0.0556537032898,-0.0238967518456,0.0039901953494,-0.0013765416413,0,0.0605672307328,0.0843582437023
1461812641.0,-50.6391256842,16.3249224189,0.0584510206664,-0.0247678276171,0.00404757855327,-0.00139315074616,0,0.0634820218788,0.0735590470304
1461812641.0,-50.5786508743,16.2994580159,0.0612486272353,-0.025637758796,0.00410477926998,-0.00140967416221,0,0.0663979594136,0.0645539084225
1461812641.0,-50.5153498574,16.27311542,0.0640463383752,-0.0265064842991,0.00416178891405,-0.0014261059111,0,0.0693146966318,0.0569854160916
1461812641.0,-50.4492226246,16.2458958828,0.0668439647434,-0.027373938406,0.00421858579068,-0.001442470865,0,0.0722319051837,0.0505718873755
1461812641.0,-50.3802693669,16.2178007089,0.0696412995234,-0.0282400810855,0.0042751937855,-0.00145875428162,0,0.0751492699833,0.0451044363056
1461812641.0,-50.3084904705,16.1888312507,0.0724381634427,-0.0291048586598,0.0043316111336,-0.00147496245911,0,0.0780665121583,0.04041339039
1461812641.0,-50.2338865015,16.1589889108,0.0752343790848,-0.0299682246965,0.00438783633073,-0.00149106640694,0,0.0809833704395,0.0363692521229
1461812641.0,-50.1564582042,16.1282751529,0.0780297711072,-0.0308301052814,0.00444385576168,-0.00150707257487,0,0.0838995862368,0.032862576923
1461812641.0,-50.0762065053,16.0966915114,0.0808241543315,-0.0316904342992,0.00449966994447,-0.00152298749826,0,0.0868149039594,0.0298059775048
1461812641.0,-49.993132516,16.0642395833,0.0836173477905,-0.0325491533615,0.00455525274883,-0.00153879252582,0,0.089729082443,0.0271302328996
1461812641.0,-49.9072375418,16.0309210337,0.0864091485285,-0.0334061869695,0.00461059608863,-0.00155448341649,0,0.0926418602861,0.0247778195976
1461812641.0,-49.8185230952,15.996737605,0.0891993497248,-0.0342614569783,0.0046657072318,-0.00157009173793,0,0.095552977063,0.022698291989
1461812641.0,-49.7269908919,15.9616911022,0.0919877558175,-0.0351149177419,0.00472058486639,-0.00158556217709,0,0.0984621991851,0.0208581933194
1461812641.0,-49.6326428436,15.9257834033,0.0947741738702,-0.0359664703206,0.00477523101634,-0.00160092529853,0,0.101369280456,0.0192213869742
1461812641.0,-49.5354810542,15.8890164704,0.0975584167888,-0.0368160477068,0.0048296198226,-0.00161618008782,0,0.104273995105,0.0177596871088
1461812641.0,-49.4355078275,15.8513923326,0.100340275879,-0.0376635832387,0.00488372418921,-0.00163140100492,0,0.107176100255,0.0164432632191
1461812641.0,-49.3327256896,15.8129130489,0.103119520067,-0.0385090845588,0.00493758686749,-0.00164655124311,0,0.110075360605,0.0152581574577
1461812641.0,-49.2271373761,15.7735806887,0.105895964796,-0.0393525230858,0.00499120217318,-0.00166161165873,0,0.112971573563,0.0141894233981
1461812641.0,-49.1187458102,15.7333973598,0.10866942363,-0.0401938520497,0.00504461177827,-0.00167658523046,0,0.11586453027,0.0132238540599
1461812641.0,-49.0075540807,15.6923652151,0.1114397547,-0.0410330285345,0.00509782080438,-0.00169147315697,0,0.118754066702,0.0123492388687
1461812641.0,-48.8935654156,15.65048645,0.114206823994,-0.0418700116577,0.00515073264905,-0.00170629852211,0,0.121640028457,0.0115513100035
1461812641.0,-48.7767832253,15.6077632891,0.11697040551,-0.0427047839762,0.00520344960168,-0.00172099979369,0,0.124522184127,0.010827640294
1461812641.0,-48.6572110949,15.5641980052,0.11973037801,-0.0435372680945,0.00525590990844,-0.00173573613249,0,0.127400381206,0.0101593185354
1461812641.0,-48.534852762,15.519792869,0.12248656216,-0.0443675441424,0.00530813090608,-0.00175050372053,0,0.130274467502,0.00954141801043
1461812641.0,-48.4097121344,15.474550073,0.125238799205,-0.0451956869057,0.00536014706253,-0.00176519983774,0,0.133144308707,0.00897512620155
1461812641.0,-48.2817932616,15.4284717862,0.127986967342,-0.0460216690086,0.00541190124666,-0.00177980939109,0,0.136009771074,0.00845482374792
1461812641.0,-48.1511003437,15.3815602125,0.130730891217,-0.0468454488317,0.00546338491597,-0.00179430207472,0,0.138870666429,0.00797721316206
1461812641.0,-48.01763776,15.3338176126,0.13347039061,-0.0476669558882,0.00551459720973,-0.00180860711278,0,0.141726792997,0.00754131564701
1461812641.0,-47.8814100708,15.2852463532,0.136205288063,-0.048486051741,0.00556546327871,-0.00182278520964,0,0.144577929539,0.00713890884175
1461812641.01,-47.7424220511,15.2358489088,0.138935336315,-0.0493026602116,0.0056159709471,-0.00183667176032,0,0.147423810767,0.00677377631602
1461812641.01,-47.6006787293,15.1856279128,0.141660281117,-0.0501165453325,0.00566607616256,-0.00185067610646,0,0.150264112023,0.00642433580507
1461812641.02,-47.4561854101,15.1345860294,0.144379830134,-0.0509278770102,0.00571599969248,-0.00186462697363,0,0.153098608767,0.0060998088887
1461812641.02,-47.3089475801,15.0827258389,0.14709391323,-0.0517366539041,0.00576561898312,-0.00187847944771,0,0.155927228753,0.0057980292126
1461812641.02,-47.1589708574,15.0300499452,0.149802341569,-0.0525428306848,0.00581493306554,-0.00189221911575,0,0.15874977353,0.00551753907493
1461812641.02,-47.0062610493,14.976561005,0.152504929142,-0.0533463488046,0.00586385600483,-0.00190580306352,0,0.161566043287,0.00525695147422
1461812641.02,-46.8508241921,14.9222617547,0.155201409444,-0.0541471088307,0.00591241708593,-0.00191928045407,0,0.164375749087,0.00501319424401
1461812641.02,-46.6926665742,14.8671550056,0.157891549999,-0.0549450614991,0.00596064238405,-0.00193265309397,0,0.167178650982,0.00478515205003
1461812641.02,-46.531794703,14.8112436176,0.160575148535,-0.0557401603012,0.00600859976911,-0.00194595749434,0,0.169974538674,0.00457113573682
1461812641.02,-46.3682152545,14.7545304785,0.163252073338,-0.0565323954396,0.00605626107745,-0.0019591786021,0,0.172763280773,0.00437021493127
1461812641.02,-46.2019350507,14.6970184938,0.165922167727,-0.0573217425609,0.00610356134661,-0.00197229247898,0,0.175544717703,0.00418142291417
1461812641.02,-46.0329611023,14.638710605,0.168585214493,-0.0581081543391,0.00615048002636,-0.00198527706219,0,0.178318625349,0.00400428818218
1461812641.02,-45.8613006478,14.5796098121,0.171240980629,-0.0588915627732,0.0061970509038,-0.00199823388695,0,0.18108475809,0.00383533069036
1461812641.02,-45.6869611417,14.5197191324,0.173889270902,-0.059672000727,0.00624326405601,-0.00201103733602,0,0.18384293896,0.00367747666602
1461812641.02,-45.5099502387,14.459041613,0.176529884259,-0.0604493773017,0.00628917192794,-0.00202370551946,0,0.186592945345,0.00352985413276
1461812641.02,-45.3302757685,14.3975803829,0.179162675063,-0.0612236211648,0.00633476031,-0.00203627485503,0,0.189334613645,0.00339058030524
1461812641.02,-45.1479457133,14.3353386243,0.181787486665,-0.0619946980994,0.00638001179707,-0.0020487512294,0,0.192067782047,0.0032587590615
1461812641.02,-44.9629682207,14.2723195506,0.184404148493,-0.0627625803422,0.00642489248351,-0.00206111375826,0,0.194792277754,0.00313411754718
1461812641.02,-44.775351626,14.2085264134,0.187012460157,-0.0635272202185,0.00646940284951,-0.00207336412318,0,0.197507893419,0.00301613047005
1461812641.02,-44.5851044644,14.1439625111,0.189612225746,-0.0642885726548,0.00651356158885,-0.00208551755159,0,0.200214426869,0.00290414316887
1461812641.02,-44.3922354579,14.0786311797,0.192203271589,-0.0650466084023,0.00655734821852,-0.00209753617557,0,0.202911702161,0.00279848015205
1461812641.02,-44.1967535122,14.0125358032,0.194785407411,-0.0658012616863,0.00660074324979,-0.0021094194722,0,0.205599516001,0.00269857218578
1461812641.02,-43.9986677332,13.9456798318,0.197358427648,-0.0665524675353,0.00664374153665,-0.00212117375523,0,0.208277650982,0.00260386094493
1461812641.02,-43.7979874347,13.8780667774,0.199922125801,-0.0673001684648,0.00668634808344,-0.00213280674797,0,0.210945891309,0.00251388438277
1461812641.02,-43.5947221349,13.8097002055,0.202476304406,-0.0680443157085,0.0067285679263,-0.00214441655485,0,0.213604032608,0.00242634472976
1461812641.02,-43.3888815465,13.7405836815,0.205020774886,-0.0687849576181,0.00677040423279,-0.00215590181912,0,0.216251909886,0.00234325274113
1461812641.03,-43.1804755695,13.670720773,0.207555355536,-0.0695220422484,0.00681182991115,-0.00216725664039,0,0.218889332701,0.00226426745468
1461812641.04,-42.969514299,13.6001151024,0.210079841739,-0.0702555129111,0.00685287545233,-0.00217849534435,0,0.22151608745,0.00218905931881
1461812641.06,-42.7560080196,13.5287703419,0.212594062847,-0.0709853280903,0.00689353063143,-0.00218959489022,0,0.224131997631,0.00211777367844
1461812641.06,-42.5399671914,13.4566902163,0.215097841609,-0.0717114245209,0.00693391671197,-0.0022007942975,0,0.226736873648,0.00204650069922
1461812641.07,-42.3214023914,13.3838783947,0.217591123154,-0.072433974442,0.00697382776558,-0.00221185661956,0,0.229330716497,0.00197840237728
1461812641.09,-42.1003243544,13.3103384919,0.220073651902,-0.0731529144404,0.00701319128492,-0.00222275643796,0,0.231913262131,0.0019133275836
1461812641.09,-41.8767441069,13.2360741992,0.222545106323,-0.0738681574608,0.00705213311417,-0.00223344804619,0,0.234484176513,0.00185262399584
1461812641.1,-41.650672934,13.1610893178,0.225005294648,-0.0745795733968,0.0070906777019,-0.00224392193207,0,0.237043235271,0.00179629043275
1461812641.12,-41.4221223005,13.0853877834,0.227454052903,-0.0752870254223,0.00712878798215,-0.00225421683537,0,0.239590238489,0.00174317889178
1461812641.12,-41.1911038536,13.0089736496,0.229891184068,-0.0759904174125,0.00716636380128,-0.00226432140649,0,0.242124967838,0.00169273473488
1461812641.14,-40.9576294876,12.9318510714,0.232316396912,-0.0766896440426,0.00720351421261,-0.00227428353631,0,0.244647112751,0.00164461697173
1461812641.15,-40.7217113336,12.8540242856,0.234729512902,-0.0773846490274,0.00724026342714,-0.00228426144782,0,0.24715648511,0.00159636079743
1461812641.16,-40.483361689,12.7754975059,0.237130380802,-0.0780755322657,0.00727651085735,-0.00229415454927,0,0.249652971619,0.00154907979097
1461812641.17,-40.2425930528,12.6962748963,0.239518753826,-0.0787622930787,0.00731232343345,-0.00230392960832,0,0.252136336623,0.00150358843045
1461812641.19,-39.9994181372,12.6163606385,0.241894455715,-0.0794448982332,0.00734775049519,-0.0023135551662,0,0.254606401256,0.00146049942465
1461812641.19,-39.7538498062,12.5357589626,0.244257362086,-0.0801232843314,0.00738280214468,-0.00232309999341,0,0.257063026562,0.00141872956631
1461812641.2,-39.5059010431,12.4544741283,0.246607360946,-0.0807974566384,0.0074176244276,-0.00233253994278,0,0.25950610681,0.00137924176042
1461812641.22,-39.2555848699,12.3725104017,0.248944485666,-0.0814673966495,0.0074521550512,-0.00234181387348,0,0.261935667026,0.0013424613397
1461812641.22,-39.0029143067,12.2898720981,0.251268707903,-0.0821330263125,0.00748599858308,-0.00235075198771,0,0.264351655153,0.00130876529543
1461812641.23,-38.7479025995,12.2065636958,0.253579612356,-0.0827941027342,0.00751946894698,-0.00235959563057,0,0.266753600257,0.00127610148014
1461812641.25,-38.4905632527,12.1225897953,0.255877099677,-0.0834506243975,0.00755248617736,-0.00236830747031,0,0.269141406795,0.00124457642367
1461812641.25,-38.2309099099,12.0379550171,0.258160994137,-0.0841025532305,0.00758507138013,-0.00237701177008,0,0.271514895271,0.00121262698745
1461812641.27,-37.9689563801,11.952663958,0.260431144207,-0.0847499737005,0.00761704237304,-0.00238577075849,0,0.273873947128,0.00117878522568
1461812641.28,-37.7047167147,11.8667210989,0.262687222848,-0.0853930295698,0.0076482743774,-0.00239458916933,0,0.276218295098,0.001142676648
1461812641.28,-37.4382053547,11.7801307748,0.264928787281,-0.0860318663644,0.00767902604692,-0.00240338967188,0,0.278547562116,0.00110649913856
1461812641.3,-37.1694370544,11.6928972136,0.267155657062,-0.0866665509155,0.00770928445401,-0.00241181546517,0,0.280861596071,0.00107455005598
1461812641.31,-36.8984267551,11.6050247549,0.269367642685,-0.0872967990531,0.00773907978813,-0.00241996799165,0,0.283160127933,0.00104546124251
1461812641.31,-36.6251895725,11.5165179719,0.271564588024,-0.0879224317039,0.00776871099756,-0.00242756480159,0,0.285442953084,0.00102348076018
1461812641.33,-36.349740629,11.4273817578,0.273746633041,-0.0885429965753,0.00779791085148,-0.00243526890183,0,0.287710064725,0.00099949327586
1461812641.35,-36.0720950405,11.3376211267,0.275913653015,-0.0891587001676,0.00782652474323,-0.00244278166574,0,0.289961407321,0.000976483936134
1461812641.35,-35.7922681251,11.2472410357,0.278065374203,-0.0897694521967,0.00785451464129,-0.00245010686011,0,0.292196692107,0.000954230225381
1461812641.36,-35.5102754936,11.1562465301,0.280201491067,-0.0903751678757,0.00788202974045,-0.00245715362776,0,0.294415601769,0.000934230108177
1461812641.38,-35.2261329877,11.0646427854,0.282321850392,-0.0909756750734,0.00790911173629,-0.00246419126196,0,0.296617937191,0.000913578277903
1461812641.38,-34.9398565814,10.9724350147,0.284426342885,-0.0915710690086,0.00793561851204,-0.00247101690264,0,0.298803623148,0.000894015027376
1461812641.39,-34.6514624293,10.8796284373,0.286514722169,-0.092161244193,0.00796148822369,-0.00247776515078,0,0.30097239234,0.000873862703551
1461812641.41,-34.360966963,10.7862283105,0.288586686185,-0.0927462291569,0.00798695727995,-0.00248435684975,0,0.303123965509,0.000854790193294
1461812641.41,-34.0683867982,10.6922399029,0.290642170596,-0.0933259742865,0.00801185450404,-0.00249069811533,0,0.305258265744,0.000837139057776
1461812641.43,-33.7737387003,10.5976685796,0.292680944598,-0.0939003389538,0.00803605663416,-0.00249683505017,0,0.307375029868,0.000819968997185
1461812641.44,-33.4770397274,10.5025198231,0.294702661207,-0.0944692305239,0.00806002354676,-0.00250311876814,0,0.3094738988,0.000801241392323
1461812641.44,-33.1783070544,10.4067990332,0.296707431059,-0.0950329023062,0.00808347898413,-0.00250932981023,0,0.311555054792,0.000782355645749
1461812641.46,-32.8775578839,10.310511466,0.298695091842,-0.0955913874741,0.00810624641939,-0.0025150745186,0,0.313618352859,0.000766602661067
1461812641.48,-32.5748096688,10.2136625412,0.300665311497,-0.0961443327529,0.00812849584671,-0.00252062831488,0,0.315663368571,0.000751684773723
1461812641.48,-32.2700801094,10.1162578943,0.302617931196,-0.0966916618464,0.00815062371935,-0.00252618515475,0,0.317689927055,0.000736927016875
1461812641.49,-31.9633868664,10.0183031399,0.304553183817,-0.0972334900611,0.00817215779327,-0.0025315687672,0,0.319698284892,0.000722564838285
1461812641.51,-31.6547476036,9.91980386546,0.306470834778,-0.0977697576518,0.00819305474507,-0.0025368044113,0,0.321688200096,0.000708226717343
1461812641.51,-31.3441802415,9.82076570561,0.308370611733,-0.0983004308218,0.00821344981163,-0.00254192740594,0,0.323659402583,0.00069399484342
1461812641.53,-31.0317029048,9.72119431108,0.310252380314,-0.0988255110632,0.00823334929002,-0.00254699028518,0,0.325611764418,0.000679419492173
1461812641.54,-30.7173338499,9.62109530487,0.312116015012,-0.0993450513214,0.00825278255689,-0.00255193259934,0,0.327545181691,0.000665151774036
1461812641.54,-30.4010914436,9.52047428725,0.313961421617,-0.0998590442423,0.00827165657744,-0.00255672629151,0,0.329459561981,0.000651169602123
1461812641.56,-30.0829941937,9.41933687987,0.315788416631,-0.100367455123,0.00829007289726,-0.002561392771,0,0.331354719487,0.000637560620861
1461812641.57,-29.7630607406,9.31768872836,0.317596919737,-0.100870270936,0.00830803489627,-0.00256592134114,0,0.333230573305,0.000624412754924
1461812641.57,-29.4413098034,9.21553549675,0.319386855541,-0.101367468432,0.00832552245286,-0.0025703526286,0,0.335087044137,0.000611308474294
1461812641.59,-29.1177601867,9.112882852,0.321158130434,-0.101859064639,0.00834240805719,-0.00257478198746,0,0.336924047514,0.000597113056197
1461812641.6,-28.7924308522,9.00973639637,0.322910527721,-0.102345169694,0.00835874423117,-0.0025793457007,0,0.338741409741,0.000580903475009
1461812641.6,-28.4653409524,8.90610155383,0.324643886514,-0.102826025087,0.0083746680022,-0.00258398349519,0,0.340539049869,0.000563653561262
1461812641.62,-28.1365097318,8.80198353699,0.326358183425,-0.103301808411,0.00839019158647,-0.00258847283836,0,0.342316998569,0.000547270401498
1461812641.64,-27.8059564526,8.69738749216,0.328053407512,-0.103772475624,0.00840511910693,-0.00259259205516,0,0.344075231421,0.000532999485409
1461812641.64,-27.4737004856,8.59231872051,0.329729356086,-0.104237766326,0.00841936839527,-0.00259649945755,0,0.345813476015,0.000519264277016
1461812641.65,-27.1397614453,8.48678270446,0.331385749992,-0.104697580467,0.00843314873747,-0.00260029463763,0,0.347531435489,0.000505779429418
1461812641.67,-26.8041591209,8.38078497667,0.333022520755,-0.105151917603,0.00844633651995,-0.0026038032484,0,0.349229043903,0.00049359536372
1461812641.67,-26.4669134319,8.27433115744,0.334639480129,-0.105600606434,0.00845900240106,-0.00260703131228,0,0.350906069683,0.000482775717588
1461812641.68,-26.1280444506,8.16742703535,0.33623651288,-0.106043484992,0.00847121940334,-0.00261006796251,0,0.35256235378,0.000472747310054
1461812641.7,-25.787572328,8.06007851638,0.337813577637,-0.106480481895,0.00848267440388,-0.00261294017121,0,0.354197834918,0.000462518247119
1461812641.7,-25.4455174132,7.9522915644,0.339370327,-0.106911553625,0.00849359246105,-0.00261573288615,0,0.355812168351,0.000451999118944
1461812641.72,-25.1019002899,7.84407214433,0.340906641072,-0.107336740781,0.00850407677279,-0.00261851476939,0,0.357405251568,0.000440938936829
1461812641.73,-24.7567416105,7.73542614617,0.342422503488,-0.107756150439,0.00851391218554,-0.0026210118658,0,0.358977100736,0.000430895049352
1461812641.73,-24.4100621509,7.62635948979,0.34391768736,-0.108169619059,0.00852310051397,-0.00262313037335,0,0.360527449949,0.000422514382756
1461812641.75,-24.0618829133,7.51687830555,0.345391972117,-0.108576894444,0.0085317835553,-0.00262508001828,0,0.362056012807,0.000414517867446
1461812641.76,-23.7122250494,7.40698887109,0.346845280559,-0.108977934973,0.00854011291671,-0.00262700150706,0,0.363562702923,0.000406218350071
1461812641.77,-23.3611097124,7.29669743537,0.348277685606,-0.10937283775,0.00854797413162,-0.00262888717726,0,0.365047618714,0.000397430057726
1461812641.78,-23.0085580397,7.18601015403,0.349689146543,-0.109761690429,0.00855544040289,-0.00263071495992,0,0.366510747312,0.000388498824721
1461812641.8,-22.6545911729,7.07493310612,0.351079695207,-0.110144557281,0.00856237971108,-0.00263229224125,0,0.367952138036,0.000380499045904
1461812641.8,-22.2992302879,6.96347240272,0.352449233419,-0.110521312532,0.00856875727854,-0.00263390943347,0,0.369371659256,0.000371282864491
1461812641.81,-21.9424966758,6.85163413547,0.353797630884,-0.110892117526,0.00857456294274,-0.00263546157892,0,0.37076923463,0.000361615261003
1461812641.83,-21.5844117635,6.73942428716,0.35512474995,-0.111257027523,0.00857975142291,-0.00263693497015,0,0.372144748989,0.000351515956163
1461812641.83,-21.2249971378,6.62684879215,0.356430411346,-0.111616083243,0.00858436822855,-0.00263837563227,0,0.373498043061,0.000340789482537
1461812641.85,-20.8642745423,6.51391352109,0.357714483983,-0.111969369698,0.00858838854504,-0.00263963160529,0,0.374829016755,0.000330445176178
1461812641.86,-20.5022658641,6.40062433559,0.358976815077,-0.112316821277,0.00859185047557,-0.00264075218996,0,0.376137504252,0.000320215996148
1461812641.86,-20.1389931238,6.28698713822,0.360217292242,-0.112658421998,0.00859479760421,-0.00264164735492,0,0.377423393124,0.000310793012855
1461812641.88,-19.7744784327,6.17300789254,0.361435848049,-0.112994067966,0.00859726188789,-0.0026423303079,0,0.378686587629,0.000302121355566
1461812641.89,-19.4087439537,6.05869265942,0.362632447738,-0.113323670308,0.00859913454921,-0.00264285411101,0,0.379927027736,0.00029359441064
1461812641.89,-19.0418119387,5.94404756206,0.363806950642,-0.113647193931,0.00860028320775,-0.00264323396049,0,0.381144568403,0.000284835826203
1461812641.91,-18.6737048465,5.82907875115,0.364959089172,-0.113964619333,0.00860101793658,-0.00264338958548,0,0.382338948094,0.000277013224738
